station_id,station_name,geodivision_id,geodivision_name,X,Y,Z
LGP6,Αγια Κυριακή Ιωαννίνων,6,Ήπειρος,20.881944444444446,39.524166666666666,515
LGS8,Αγιά Λάρισας,7,Θεσσαλία,22.8,39.7,167
LG0B,Αγία Παρασκευή,10,Αττική,23.8,56.0,273
LGU5,Άγιοι Θεόδωροι Κορινθίας,9,Πελοπόννησος,23.1,38.0,37
LG7E,Άγιοι Πάντες Χανίων,1,Κρήτη,24.2,35.4,148
LGJ9,Αγιος Νικόλαος,1,Κρήτη,25.7,35.2,15
LG2S,Άγιος Νικόλαος Τραπέζης,9,Πελοπόννησος,22.209444444444443,38.15472222222222,775
LG1K,Άγιος Παύλος - Κουτσούφλιανη,5,Μακεδονία,-21.964166666666667,40.665,1294
LGH9,Αγρίνιο,8,Στερεά Ελλάδα,21.4,38.6,75
LGB9,Αθήνα (Γκάζι),10,Αττική,23.715555555555554,37.97833333333333,60
LGY7,Αίγινα,10,Αττική,23.44361111111111,37.74805555555556,7
LGC7,Αιτωλικό Μεσολογγίου,8,Στερεά Ελλάδα,21.4,38.4,3
LGD8,Αλεξανδρούπολη,4,Θράκη,25.9,40.9,69
LGT4,Αλικιανός Χανίων,1,Κρήτη,23.91638888888889,35.45277777777778,70
LG5C,Άλιμος,10,Αττική,23.710555555555555,37.900277777777774,25
LGN2,Αλόννησος,14,Σποράδες,23.866666666666667,39.15,50
LG4K,Αμόνι Σοφικού,9,Πελοπόννησος,23.140555555555554,37.82888888888889,55
LGT5,Αμοργός,13,Κυκλάδες,25.6,36.5,3
LGH5,Αμπελόκηποι Αθηνών,10,Αττική,23.758333333333333,37.98166666666667,136
LGG9,Αμύνταιο,5,Μακεδονία,22.5,38.7,654
LG29,Αμφίκλεια,8,Στερεά Ελλάδα,22.55,38.71666666666667,245
LG9E,Αμφιλοχία,8,Στερεά Ελλάδα,21.146944444444443,38.89361111111111,40
LG7L,Άμφισσα,8,Στερεά Ελλάδα,22.4,38.5,168
LGS5,Ανάβυσσος,10,Αττική,23.9,37.733333333333334,10
LG77,Ανδρίτσαινα Ηλείας,9,Πελοπόννησος,21.9,37.5,731
LGN6,Ανδρος,13,Κυκλάδες,24.7,37.9,16
LG6R,Ανήλιο Μετσόβου,6,Ήπειρος,21.2,39.7,1660
LGG8,Αντίκυρα,8,Στερεά Ελλάδα,22.6,38.4,336
LG5O,Άντισσα Λέσβου,3,Βόρειο & Ανατολικό Αιγαίο,26.0,39.2,303
LGO0,Ανω Λιόσια,10,Αττική,23.7,38.1,182
LGB6,Ανώγεια,1,Κρήτη,24.883333333333333,35.28333333333333,801
LGV3,Απείρανθος Νάξου,13,Κυκλάδες,25.4,37.1,600
LG0R,Απιδιά Ευρώτα,9,Πελοπόννησος,22.8,36.9,230
LGT0,Απόλλωνας Νάξου,13,Κυκλάδες,25.6,37.2,18
LGC5,Αράχωβα,8,Στερεά Ελλάδα,22.6,38.5,1069
LGT3,Άργος,9,Πελοπόννησος,22.7,37.6,38
LG3L,Αργυρούπολη Δράμας,5,Μακεδονία,24.0,41.1,96
LGJ4,Αρδασσα Κοζάνης,17,Δίκτυο Κοζάνης,21.6,40.5,625
LGO1,Αριδαία Πέλλας,5,Μακεδονία,22.0,40.5,123
LG1B,Αρσάκειο - Δροσιά,10,Αττική,23.85666666666667,38.12166666666667,365
LG3O,Αρσάκειο Πατρών,9,Πελοπόννησος,21.8175,38.301111111111105,112
LG38,Άρτα,6,Ήπειρος,20.9,39.2,50
LGU6,Αρφαρά Μεσσηνίας,9,Πελοπόννησος,22.0,37.2,96
LG6J,Ασή Γωνιά Χανίων,1,Κρήτη,24.5,35.5,380
LGZ6,Ασκύφου,1,Κρήτη,24.1,35.2,729
LGE4,Ασπράγγελοι Ιωαννίνων,6,Ήπειρος,20.7,39.8,945
LG2Q,Αστέρι Ευρώτα,9,Πελοπόννησος,22.7,36.8,8
LGH0,Αυλίδα,8,Στερεά Ελλάδα,23.6,38.4,16
LG7B,Βαγιωνιά Ηρακλείου,1,Κρήτη,24.99888888888889,35.01138888888889,196
LG6N,Βαθιά Λογγά Φθιώτιδας,8,Στερεά Ελλάδα,22.503888888888888,38.68333333333333,303
LG6K,Βαθύσταλος Παρνασσού,8,Στερεά Ελλάδα,22.6,38.5,1780
LG4M,Βαμβακού Φαρσάλων,7,Θεσσαλία,22.4,39.3,148
LGZ2,Βάρη Αττικής,10,Αττική,23.80638888888889,37.839444444444446,45
LGB7,Βαρθολομιό Ηλείας,9,Πελοπόννησος,21.2,37.9,15
LG9Q,Βαρυμπόμπη,10,Αττική,23.8,38.1,275
LG4H,Βατερή - Λίμνη Ευβοίας,15,Εύβοια,23.3,38.8,130
LGE9,Βεγορίτιδα,5,Μακεδονία,21.825555555555557,40.841944444444444,647
LGE5,Βέροια-Μακροχώρι,5,Μακεδονία,22.3,40.6,30
LGR6,Βίλια Αττικής,10,Αττική,23.3,38.2,528
LG98,Βλάστη Κοζάνης,17,Δίκτυο Κοζάνης,21.5,21.5,1194
LG3Q,Βλυχάδα Αττικής,10,Αττική,23.4,38.0,68
LG51,Βόλος,7,Θεσσαλία,23.0,39.4,52
LG7A,Βόλος - Πολυτεχνείο,7,Θεσσαλία,22.9,39.4,9
LG2R,Βουνάσα Γρεβενών,16,Δίκτυο Δεσκάτης,21.77111111111111,39.94944444444444,1530
LG1D,Βριλήσσια,10,Αττική,23.8,38.0,245
LG70,Βρύσσες Χανίων,1,Κρήτη,24.201666666666664,35.37777777777778,58
LGU9,Βυτίνα Αρκαδίας,9,Πελοπόννησος,22.2,37.7,1013
LGN9,Βωβούσα Ιωαννίνων,6,Ήπειρος,21.1,39.9,1024
LG4E,Γαβαλού Αιτωλοακαρνανίας,8,Στερεά Ελλάδα,21.53222222222222,38.52833333333333,55
LGY4,Γαλαξίδι,8,Στερεά Ελλάδα,22.386666666666667,38.38,80
LG7P,Γέρακας,10,Αττική,23.853333333333335,38.02305555555555,236
LGX6,Γεράκι Λακωνίας,9,Πελοπόννησος,22.697777777777777,36.99638888888889,330
LG6O,Γόννοι Τεμπών,7,Θεσσαλία,22.5,39.9,111
LG9K,Γόρτυνα Μεσσαράς,1,Κρήτη,24.9,35.0,185
LGF2,Γρεβενά,5,Μακεδονία,21.4,40.1,510
LG9S,Γυναικόκαστρο Κιλκίς,18,Δίκτυο Κιλκίς,22.7,40.9,75
LGU1,Δαμαρίωνας Νάξου,13,Κυκλάδες,25.5,37.1,310
LG9M,ΔΕΘ,11,Θεσσαλονίκη,22.5,40.4,29
LGV0,Δερβένι Κορινθίας,9,Πελοπόννησος,22.4,38.1,5
LGI3,Δερβίζιανα Ιωαννίνων,6,Ήπειρος,20.797222222222224,39.39833333333333,585
LG1R,Δεσκάτη Γρεβενών,16,Δίκτυο Δεσκάτης,21.835555555555555,39.91611111111111,780
LG5E,Δίδυμα Αργολίδας,9,Πελοπόννησος,23.17527777777778,37.46666666666667,175
LGZ5,Διδυμότειχο Έβρου,4,Θράκη,26.5,41.4,35
LG55,Δίον Πιερίας,5,Μακεδονία,22.5,40.2,50
LG10,Διόνυσος Αττικής,10,Αττική,23.9,38.1,585
LGW5,Δομοκός,8,Στερεά Ελλάδα,22.3,39.1,570
LGU8,Δοξάτο Δράμας,5,Μακεδονία,24.2,41.1,91
LGH6,Δράμα,5,Μακεδονία,24.14361111111111,41.11805555555556,84
LG5Q,Δυτική Φλώρινα,5,Μακεδονία,21.4,40.8,696
LGL5,Εκάλη/Καστρί,10,Αττική,-23.8275,38.095,340
LG0I,Ελεούσα Ιωαννίνων,6,Ήπειρος,20.7925,39.71333333333334,475
LG4F,Ελευσίνα,10,Αττική,6.9,45.8,10
LG2C,Έλος Χανίων,1,Κρήτη,23.6,35.3,520
LGAB,Έμπονας Ρόδου,12,Δωδεκάνησα,27.85527777777778,36.22527777777778,430
LG4T,Επτάλοφος Κιλκίς,18,Δίκτυο Κιλκίς,23.0,41.0,452
LG4L,Επταπύργιο Θεσσαλονίκης,11,Θεσσαλονίκη,22.95777777777778,40.644444444444446,175
LG5T,Ευκαρπία Κιλκίς,18,Δίκτυο Κιλκίς,22.9,41.1,275
LGG3,Ζαγορά Πηλίου,7,Θεσσαλία,23.1,39.4,505
LGN4,Ζάκυνθος,2,Νησιά Ιονίου,20.8,37.8,10
LGD3,Ζάρακες Ευβοίας,15,Εύβοια,24.2,38.3,163
LG86,Ζαχάρω Ηλείας,9,Πελοπόννησος,21.6,37.5,5
LGN0,Ζίτσα Ιωαννίνων,6,Ήπειρος,20.7,39.8,740
LG6Q,Ζυγός Καβάλας,5,Μακεδονία,24.368333333333332,40.98638888888889,87
LG0O,Ζυμβραγού Χανίων,1,Κρήτη,23.75611111111111,35.437777777777775,296
LG43,Ηγουμενίτσα,6,Ήπειρος,20.279722222222222,39.541666666666664,77
LG2T,Ηλιόλουστο Κιλκίς,18,Δίκτυο Κιλκίς,22.7,41.1,86
LG1S,Ηλιούπολη Αττικής,10,Αττική,23.8,37.9,171
LGP5,Ηρακλειά Κυκλάδων,13,Κυκλάδες,25.5,36.9,24
LG30,Ηράκλειο,1,Κρήτη,25.2,35.3,115
LG2F,Ηράκλειο Ανατολικά,1,Κρήτη,25.1,35.3,35
LGW2,Ηράκλειο Δυτικά,1,Κρήτη,25.6,35.2,85
LG5B,Θάσος,3,Βόρειο & Ανατολικό Αιγαίο,24.7,40.8,6
LGK2,Θεοδώριανα Αρτας,6,Ήπειρος,21.209722222222222,39.43583333333333,962
LGO6,Θεολόγος Φθιώτιδας,8,Στερεά Ελλάδα,23.1,38.4,29
LG7N,Θερμά Σερρών,5,Μακεδονία,23.55611111111111,40.915,29
LG1P,Θερμοπύλες,8,Στερεά Ελλάδα,22.7,38.8,9
LGR9,Θεσσαλονίκη (Καλαμαριά),11,Θεσσαλονίκη,22.9,40.6,5
LG4G,Θήβα,8,Στερεά Ελλάδα,23.3,38.3,255
LG95,Ιεράπετρα,1,Κρήτη,25.7,35.0,15
LGB0,Ιθάκη,2,Νησιά Ιονίου,20.7,38.4,7
LGI9,Ικαρία (Ράχες),3,Βόρειο & Ανατολικό Αιγαίο,26.1,37.6,465
LGM9,Ιμερος Ροδόπης,4,Θράκη,25.36916666666667,40.95527777777778,25
LGI0,Ιος,13,Κυκλάδες,25.3,36.7,3
LGT8,Ιπποκράτειος Πολιτεία,10,Αττική,23.8,38.2,568
LG85,Ισθμός Κορίνθου,9,Πελοπόννησος,23.0,38.0,6
LG9T,Ιστιαία Ευβοίας,15,Εύβοια,23.129166666666666,38.95027777777778,55
LG7T,Ίσωμα Κιλκίς,18,Δίκτυο Κιλκίς,23.2,41.0,565
LG49,Ιωάννινα,6,Ήπειρος,20.9,39.6,475
LG5J,Καβάλα,5,Μακεδονία,24.400277777777777,40.94027777777777,90
LGR5,Καβοντόρο,15,Εύβοια,24.583055555555557,38.14972222222222,376
LGB5,Κάβος Μαλέα,9,Πελοπόννησος,23.10138888888889,36.47555555555556,161
LG93,Καϊμακτσαλάν,5,Μακεδονία,21.8,40.9,2090
LG8P,Καισάρεια Κοζάνης,17,Δίκτυο Κοζάνης,21.859722222222224,40.183611111111105,380
LG7R,Κακόπετρος Χανίων,1,Κρήτη,23.4,35.2,462
LGV7,Καλάβρυτα,9,Πελοπόννησος,22.1,38.0,781
LG6A,Καλαμάτα,9,Πελοπόννησος,22.1,37.0,5
LG8K,Καλαμάτα - Δυτικά,9,Πελοπόννησος,22.11277777777778,37.03916666666667,10
LGW3,Καλαμπάκα,7,Θεσσαλία,21.6,39.7,238
LGG6,Κάλυμνος,12,Δωδεκάνησα,26.980555555555554,36.95138888888889,35
LG1U,Κάμποι Κεραμιών Χανίων,1,Κρήτη,24.1,35.4,555
LG9G,Κάνδανος Χανίων,1,Κρήτη,23.7,35.3,430
LGJ7,Καπαρέλλι Βοιωτίας,8,Στερεά Ελλάδα,23.2,38.38333333333333,345
LG2H,Καρδάμυλα Χίου,3,Βόρειο & Ανατολικό Αιγαίο,26.115000000000002,38.53805555555555,7
LGZ3,Καρδαμύλη Μάνης,9,Πελοπόννησος,26.115000000000002,38.53805555555555,2
LG2A,Καρδίτσα,7,Θεσσαλία,21.9,39.4,91
LGC9,Καρπενήσι,8,Στερεά Ελλάδα,21.8,38.9,700
LG6L,Καρπενήσι - Πόλη,8,Στερεά Ελλάδα,21.8,38.9,990
LG4R,Καρπερό Γρεβενών,16,Δίκτυο Δεσκάτης,21.6225,39.947222222222216,495
LG2L,Κάρυστος Ευβοίας,15,Εύβοια,24.41916666666667,38.01638888888889,30
LGM5,Κάσος,12,Δωδεκάνησα,26.9,35.4,4
LGO9,Κασσάνδρεια,5,Μακεδονία,23.4,40.1,29
LG0M,Καστελλόριζο,12,Δωδεκάνησα,29.6,36.1,5
LGC0,Καστοριά,5,Μακεδονία,21.316666666666666,40.5,623
LG0C,Καστρίτσι Αχαΐας,9,Πελοπόννησος,21.836666666666666,38.275277777777774,520
LGE0,Καταρράκτης Αρτας,6,Ήπειρος,21.1,39.4,803
LGAC,Κατταβιά Ρόδου,12,Δωδεκάνησα,27.7675,35.95444444444445,55
LGP7,Κάτω Βλασσία Αχαΐας,9,Πελοπόννησος,21.926111111111112,38.00972222222222,773
LGE3,Κέα,13,Κυκλάδες,24.39638888888889,37.66583333333333,192
LG5D,Κερασιά Πέλλας,5,Μακεδονία,22.0,40.9,690
LG9J,Κερατέα Αττικής,10,Αττική,23.969166666666666,38.809444444444445,210
LGD9,Κερκίνη Σερρών,5,Μακεδονία,23.2,41.1,59
LGJ2,Κέρκυρα,2,Νησιά Ιονίου,19.85388888888889,39.64694444444444,528
LG6F,Κηφισιά,10,Αττική,23.81888888888889,38.06583333333333,315
LG8D,Κιάτο Κορινθίας,9,Πελοπόννησος,22.7,38.0,15
LG42,Κιλκίς,18,Δίκτυο Κιλκίς,22.9,41.0,280
LG3T,Κιλκίς Πόλη,18,Δίκτυο Κιλκίς,22.9,41.0,277
LG9P,Κίτρινη Λίμνη Κοζάνης,17,Δίκτυο Κοζάνης,21.891944444444444,40.39222222222222,664
LGP9,Κλειδί Βοιωτίας,8,Στερεά Ελλάδα,24.0,38.5,252
LGM1,Κλεισούρα,5,Μακεδονία,21.5,40.5,1160
LG7I,Κοζάνη,17,Δίκτυο Κοζάνης,21.75638888888889,40.27333333333333,768
LGW8,Κοίμηση Σερρών,5,Μακεδονία,23.0,43.0,48
LG5H,Κολυμπάρι Χανίων,1,Κρήτη,23.4,35.3,40
LG7K,Κομνηνά Εορδαίας,17,Δίκτυο Κοζάνης,-21.8,40.6,800
LGD2,Κομπότι Άρτας,6,Ήπειρος,21.1,39.1,75
LGR4,Κονιάκος Φωκίδας,8,Στερεά Ελλάδα,22.2,38.6,840
LG3A,Κόνιτσα,6,Ήπειρος,20.744722222222222,40.04805555555556,530
LG5L,Κορδελιό Θεσσαλονίκης,11,Θεσσαλονίκη,22.9,40.7,24
LG7H,Κορινός Πιερίας,5,Μακεδονία,22.6,40.3,18
LG3C,Κορυδαλλός,10,Αττική,23.6,38.0,75
LGU2,Κόρωνος Νάξου,13,Κυκλάδες,25.5,37.1,540
LGX8,Κουφονήσια,13,Κυκλάδες,25.6,36.9,26
LGM7,Κρανίδι Αργολίδας,9,Πελοπόννησος,23.3,37.6,110
LGY0,Κριεζά Ευβοίας,15,Εύβοια,24.3,38.4,119
LG1Q,Κροκεές Ευρώτα,9,Πελοπόννησος,22.6,36.9,241
LG0D,Κρυονέρι Κορινθίας,9,Πελοπόννησος,22.6,37.9,887
LG8S,Κύθηρα,10,Αττική,23.0,36.3,362
LGX0,Κύμη Ευβοίας,15,Εύβοια,24.1,38.63305555555556,259
LGV1,Κυπαρισσία Μεσσηνίας,9,Πελοπόννησος,21.7,37.2,36
LG5A,Κωπαΐδα,8,Στερεά Ελλάδα,22.995,38.45,98
LGX1,Κως,12,Δωδεκάνησα,27.3,36.9,37
LGA5,Λαγκαδάς,11,Θεσσαλονίκη,23.1,40.7,87
LGW9,Λαγκάδια Γορτυνίας,9,Πελοπόννησος,22.0,37.7,970
LGP3,Λαϊλιάς Σερρών,5,Μακεδονία,23.6,41.3,1515
LG92,Λάππα Αχαΐας,9,Πελοπόννησος,21.7,38.2,15
LGL6,Λάρισα,7,Θεσσαλία,22.4,39.6,82
LG8J,Λάρισα - Χάλκη,7,Θεσσαλία,22.543333333333337,39.57083333333334,75
LGD6,Λαύριο Αττικής,10,Αττική,24.1,37.7,3
LG4C,Λεβίδι Αρκαδίας,9,Πελοπόννησος,22.6,37.6,853
LGP0,Λέντας Ηρακλείου,1,Κρήτη,24.9,34.9,15
LG2D,Λέσβος - Αγία Παρασκευή,3,Βόρειο & Ανατολικό Αιγαίο,26.3,39.2,92
LGJ3,Λέσβος - Θερμή,3,Βόρειο & Ανατολικό Αιγαίο,26.49888888888889,39.18222222222222,2
LGI6,Λέσβος (Πέτρα),3,Βόρειο & Ανατολικό Αιγαίο,26.2,39.3,0
LGI7,Λευκάδα,2,Νησιά Ιονίου,20.711666666666666,38.830555555555556,12
LGJ8,Λευκοχώρι Φθιώτιδας,8,Στερεά Ελλάδα,22.7,38.6,0
LGI5,Λήμνος,3,Βόρειο & Ανατολικό Αιγαίο,25.2,39.9,22
LGAA,Λίνδος Ρόδου,12,Δωδεκάνησα,28.1,36.1,45
LG1I,Λουτράκι,9,Πελοπόννησος,23.0,38.0,24
LGV4,Λυκόχεια Αρκαδίας,9,Πελοπόννησος,22.1,37.5,870
LG8G,Μαγούλιανα Αρκαδίας,9,Πελοπόννησος,22.7,37.4,1256
LGE7,Μακρακώμη Φθιώτιδας,8,Στερεά Ελλάδα,22.1,38.9,125
LG0J,Μαλακάσα,10,Αττική,23.8,38.2,365
LG2B,Μαρίνα Αθηνών,10,Αττική,23.666666666666668,37.93333333333333,2
LG45,Μαρκόπουλο Αττικής,10,Αττική,23.919722222222223,37.88,104
LGK0,Μαρούσι Αττικής,10,Αττική,23.8,38.0,235
LGA6,Μαυρολιθάρι Φωκίδας,8,Στερεά Ελλάδα,22.304722222222225,38.706944444444446,1250
LGZ9,Μαυροπηγή Κοζάνης,17,Δίκτυο Κοζάνης,21.7,40.5,642
LGG5,Μεγαλόπολη,9,Πελοπόννησος,22.14,37.4,0
LG7D,Μεγίστη Λαύρα,5,Μακεδονία,24.3825,40.170833333333334,143
LGW1,Μέλανες Νάξου,13,Κυκλάδες,25.5,37.1,160
LG3J,Μεσόβουνο Κοζάνης,17,Δίκτυο Κοζάνης,21.828888888888887,40.638888888888886,781
LGL2,Μεταξάδες Εβρου,4,Θράκη,26.22,41.419999999999995,162
LGD7,Μεταξοχώρι Ηρακλείου,1,Κρήτη,25.1,35.1,415
LGO8,Μέτσοβο,6,Ήπειρος,21.2,39.8,1240
LGS0,Μήλος,13,Κυκλάδες,24.4,36.7,162
LGO7,Μικρή Βίγλα Νάξου,13,Κυκλάδες,25.4,37.0,13
LG3D,Μικρόκαμπος Δράμας,5,Μακεδονία,24.1,41.8,93
LGY5,Μόλυβος,3,Βόρειο & Ανατολικό Αιγαίο,26.2,39.3,290
LG56,Μονεμβάσια,9,Πελοπόννησος,23.0,36.7,4
LG4P,Μονή Τοπλού,1,Κρήτη,22.1,37.6,170
LG9R,Μουζάκι Καρδίτσας,7,Θεσσαλία,21.661666666666665,39.43111111111111,175
LG3S,Μπλεσίβο,9,Πελοπόννησος,22.2,37.5,1545
LG66,Μύκονος,13,Κυκλάδες,25.3,37.4,10
LGK8,Μυρίκη Ευρυτανίας,8,Στερεά Ελλάδα,21.8,38.9,1045
LGM0,Νάξος,13,Κυκλάδες,25.8,37.1,13
LG40,Νάουσα,5,Μακεδονία,22.1,40.6,365
LGN5,Νέα Μάκρη,10,Αττική,24.0,38.1,25
LG7C,Νέα Μηχανιώνα,11,Θεσσαλονίκη,22.9375,40.58527777777778,7
LG4B,Νέα Πέραμος Καβάλας,5,Μακεδονία,24.3,40.8,13
LG0S,Νέα Σάντα Κιλκίς,18,Δίκτυο Κιλκίς,22.9,40.8,119
LGR0,Νέα Σμύρνη Αττικής,10,Αττική,23.716666666666665,37.95,51
LG4O,Νεάπολη Λασιθίου,1,Κρήτη,25.60611111111111,35.25694444444444,265
LG6M,Νέος Καύκασος,5,Μακεδονία,21.5,40.9,594
LGM8,Νέος Κόσμος Αττικής,10,Αττική,23.72,37.95305555555556,80
LGZ4,Νέος Μαρμαράς Χαλκιδικής,5,Μακεδονία,23.780833333333334,40.093333333333334,6
LG7O,Νέσσωνας Τεμπών,7,Θεσσαλία,22.5,39.7,92
LG48,Νευροκόπι,5,Μακεδονία,23.9,41.3,585
LG0F,Νίκαια Αττικής,10,Αττική,6.9,45.8,23
LG1J,Νίσυρος,12,Δωδεκάνησα,27.2,36.6,5
LG1O,Νόησις Θεσσαλονικης,11,Θεσσαλονίκη,23.0,40.6,60
LGS4,Νότιο Πεδίο Κοζάνης,17,Δίκτυο Κοζάνης,21.8,40.5,760
LG0Q,Ξηρολίμνη Κοζάνης,17,Δίκτυο Κοζάνης,21.656666666666666,40.28805555555555,689
LG31,Ορεστιάδα,4,Θράκη,26.5,41.5,28
LG0H,Παιδαγωγική Πειραιά,10,Αττική,6.9,45.8,40
LG2K,Παλαιό Σκυλίτσι Ημαθίας,5,Μακεδονία,22.533333333333335,40.45,4
LG8Q,Παλαιοκούνδουρα Μάνδρας,10,Αττική,23.4,38.1,392
LG36,Παλαιόχωρα,1,Κρήτη,23.7,35.2,3
LG0P,Παλιουριά Γρεβενών,16,Δίκτυο Δεσκάτης,21.72722222222222,39.95111111111111,477
LG6E,Παλλήνη,10,Αττική,23.892777777777777,37.99777777777778,156
LGV6,Παναχαϊκό,9,Πελοπόννησος,21.9,38.3,1588
LGW7,Παξιμάδα,15,Εύβοια,24.5,38.0,215
LG8H,Παπάγου,10,Αττική,23.8,38.0,300
LGK6,Πάπιγκο Ιωαννίνων,6,Ήπειρος,20.7,40.0,920
LGB1,Παραλία Αχαΐας,9,Πελοπόννησος,21.4,38.1,3
LGF6,Παραμυθιά,6,Ήπειρος,20.535833333333336,39.496944444444445,650
LGW0,Παρανέστι Δράμας,5,Μακεδονία,24.5,41.3,126
LGK9,Πάργα,6,Ήπειρος,20.405277777777776,39.283055555555556,8
LGF9,Παρνασσός-1950,8,Στερεά Ελλάδα,22.8,38.3,1960
LGK3,Πάρνηθα,10,Αττική,23.7,38.2,1230
LG02,Πάρος,13,Κυκλάδες,25.1,37.0,15
LGT6,Πατήσια,10,Αττική,23.7,38.0,87
LG65,Πάτμος,12,Δωδεκάνησα,26.3,37.2,12
LG0K,Πεζά Ηρακλέιου,1,Κρήτη,25.2,35.2,305
LG2J,Πειραιάς,10,Αττική,23.6,37.9,29
LGX9,Πεντέλη,10,Αττική,23.9,38.0,495
LG6D,Πέραμα,10,Αττική,23.6,38.0,45
LG8R,Περιγιάλι Κορινθίας,9,Πελοπόννησος,22.83277777777778,37.93833333333333,38
LGU0,Περιστέρι,10,Αττική,23.703888888888887,38.001666666666665,55
LGE2,Περτούλι Τρικάλων,7,Θεσσαλία,21.5,39.5,1170
LG9C,Πετρούπολη,10,Αττική,23.670555555555556,38.03666666666666,220
LGG7,Πηνεία Ηλείας,9,Πελοπόννησος,21.6,37.8,184
LGT2,Πλακιάς Ρεθύμνου,1,Κρήτη,24.4,35.2,19
LG3E,Πλατανιάς Χανίων,1,Κρήτη,23.884166666666665,35.51694444444444,12
LG2O,Πλατανούλια Λάρισας,7,Θεσσαλία,22.313055555555557,39.68888888888888,83
LG8N,Πλώρα Ηρακλείου,1,Κρήτη,24.938333333333333,35.01222222222222,0
LG33,Πολύγυρος,5,Μακεδονία,23.4,40.4,580
LGL0,Πολύδροσο Φωκίδας,8,Στερεά Ελλάδα,23.9,38.8,350
LGY6,Πόρτο Ράφτη,10,Αττική,24.015555555555554,37.88611111111111,11
LG9N,Ποτάμοι Λασιθίου,1,Κρήτη,25.5,35.2,865
LGP1,Πράμαντα Ιωαννίννων,6,Ήπειρος,21.1,39.5,840
LG8L,Πρέσπες,5,Μακεδονία,21.078611111111112,40.788888888888884,854
LG26,Πτολεμαΐδα,5,Μακεδονία,21.7,40.5,606
LG2I,Πτολεμαΐδα Va,5,Μακεδονία,21.8,40.5,660
LG9H,Πύλος,9,Πελοπόννησος,21.7,36.9,16
LG8A,Πυράθι Ηρακλείου,1,Κρήτη,25.2,35.1,311
LG59,Πύργος,9,Πελοπόννησος,21.4,37.7,22
LGZ0,Ραφήνα,10,Αττική,24.010833333333334,38.01555555555556,25
LG58,Ρέθυμνο,1,Κρήτη,24.4,35.4,20
LG4I,Ρέθυμνο - Πόλη,1,Κρήτη,24.48888888888889,35.361111111111114,50
LGO4,Ριζώματα Ημαθίας,5,Μακεδονία,22.2,40.3,650
LGH8,Ρίο,9,Πελοπόννησος,21.8,38.3,2
LGS9,Ρόδος,12,Δωδεκάνησα,28.2,36.4,95
LGT9,Ρωμανός Πατρών,9,Πελοπόννησος,21.7875,38.22833333333333,237
LG5G,Σαλαμίνα,10,Αττική,23.3,37.6,5
LGB4,Σαμαριά (Δρυμός),1,Κρήτη,23.9,35.3,1250
LGY1,Σαμαριά (Φαράγγι),1,Κρήτη,24.0,35.3,349
LGC1,Σαμοθράκη,3,Βόρειο & Ανατολικό Αιγαίο,25.50138888888889,40.463055555555556,90
LGF1,Σάμος (Καρλόβασι),3,Βόρειο & Ανατολικό Αιγαίο,26.681944444444447,37.79361111111111,25
LGX5,Σαντορίνη,13,Κυκλάδες,25.4,36.4,183
LG87,Σέλι,5,Μακεδονία,22.0,40.6,1520
LG9D,Σέμπρωνας Χανίων,1,Κρήτη,23.8,35.4,640
LGW6,Σέρρες,5,Μακεδονία,23.5,41.1,32
LGT7,Σέττα Ευβοίας,15,Εύβοια,23.919722222222223,38.535555555555554,925
LGM2,Σητεία,1,Κρήτη,26.1,35.2,30
LG1E,Σιμωνόπετρα,5,Μακεδονία,24.2,40.2,278
LG8C,Σίνδος,11,Θεσσαλονίκη,22.8,40.7,6
LG2P,Σίφνος,13,Κυκλάδες,24.7,37.0,5
LG7G,ΣΚΑ,10,Αττική,23.7,38.1,149
LG24,Σκιάθος,14,Σποράδες,23.3,39.2,20
LG5R,Σκιάθος - Ξάνεμος,14,Σποράδες,23.50777777777778,39.18333333333333,25
LG2M,Σκόπελος - Γλώσσα,14,Σποράδες,23.618333333333332,39.17444444444444,199
LGI1,Σκύρος,14,Σποράδες,24.5,38.8,23
LG3P,Σούνιο,10,Αττική,24.0,37.7,32
LGF7,Σπάρτη,9,Πελοπόννησος,22.4,37.1,204
LGG2,Σπάτα Αττικής,10,Αττική,23.909166666666664,37.98277777777778,120
LGS6,Σπέτσες,10,Αττική,23.2,37.3,3
LG75,Σπήλι Ρεθύμνου,1,Κρήτη,24.3,35.1,405
LG1N,Σταλός Χανίων,1,Κρήτη,23.9,35.5,93
LG8B,Σταυράκια Ηρακλείου,1,Κρήτη,25.0625,35.25333333333333,245
LGS2,Στεμνίτσα Αρκαδίας,9,Πελοπόννησος,22.1,37.6,1094
LG81,Στενή Ευβοίας,15,Εύβοια,23.8,38.6,430
LG9O,Στεφάνη Βοιωτίας,8,Στερεά Ελλάδα,23.5,38.2,573
LGC4,Στύρα Ευβοίας,15,Εύβοια,24.2,38.2,12
LG3N,Στύψη Λέσβου,3,Βόρειο & Ανατολικό Αιγαίο,26.2,39.3,355
LGW4,Σφακιά,1,Κρήτη,24.1,35.2,770
LGX7,Σχοινούσα,13,Κυκλάδες,25.5,36.9,72
LG5K,Τακτικούπολη Τροιζηνίας,9,Πελοπόννησος,23.2,37.3,15
LG69,Τανάγρα,8,Στερεά Ελλάδα,23.583888888888886,38.3325,133
LG3B,Τατόι,10,Αττική,23.8,38.1,283
LG1T,Τέρπυλλος Κιλκίς,18,Δίκτυο Κιλκίς,23.0,41.0,240
LG50,Τζερμιάδων,1,Κρήτη,25.5,35.2,820
LG6P,Τήνος - Πόρτο,13,Κυκλάδες,25.3,37.5,123
LG57,Τρίκαλα,7,Θεσσαλία,21.8,39.6,163
LGR1,Τρίκαλα Κορινθίας,9,Πελοπόννησος,22.5,38.0,1077
LG83,Τρίπολη,9,Πελοπόννησος,22.41777777777778,37.50944444444445,646
LGD0,Τρίστενο Ιωαννίνων,6,Ήπειρος,21.0,39.8,940
LG0E,Τσεπέλοβο Ιωαννίνων,6,Ήπειρος,20.820555555555554,39.90416666666667,1080
LGM4,Τύρια Ιωαννίνων,6,Ήπειρος,20.7,39.5,340
LGM3,Υδρα,10,Αττική,23.466666666666665,37.352222222222224,2
LG0G,Υμμητός - Δάφνη,10,Αττική,23.748055555555556,27.947222222222223,125
LGL9,Φαλάσαρνα Χανίων,1,Κρήτη,23.6,35.5,10
LGS3,Φάληρο,10,Αττική,23.692777777777778,37.92944444444444,25
LG8E,Φιλιατρά Μεσσηνίας,9,Πελοπόννησος,21.583333333333332,37.15,65
LG9A,Φινοκαλιά Λασηθίου,1,Κρήτη,25.7,35.3,250
LG63,Φλώρινα,5,Μακεδονία,21.466666666666665,40.78333333333333,637
LGT1,Φούρνοι,3,Βόρειο & Ανατολικό Αιγαίο,26.5,37.6,5
LGL1,Φουρφουράς Ρεθύμνου,1,Κρήτη,24.7,35.2,471
LGR2,Φράγμα Μόρνου,8,Στερεά Ελλάδα,22.1,38.5,445
LGZ8,Φωτολίβος Δράμας,5,Μακεδονία,24.1,41.1,58
LG8I,Χαϊδάρι (Δάσος),10,Αττική,23.7,38.0,151
LGA8,Χαλανδρίτσα Αχαΐας,9,Πελοπόννησος,21.8,38.1,362
LG9L,Χαλάστρα Θεσσαλονίκης,11,Θεσσαλονίκη,22.8,40.6,1
LG25,Χανιά,1,Κρήτη,24.1,35.5,137
LGN3,Χανιά - Κέντρο,1,Κρήτη,24.0,35.5,10
LG6H,Χαροκόπειο - Αθήνα,10,Αττική,23.70777777777778,37.961111111111116,37
LG4A,Χίος,3,Βόρειο & Ανατολικό Αιγαίο,26.1,38.4,23
LG7M,Χϊος - Βέσσα,3,Βόρειο & Ανατολικό Αιγαίο,26.006666666666668,38.26305555555555,199
LG5F,Χίος - Ιωνία,3,Βόρειο & Ανατολικό Αιγαίο,26.079166666666666,38.24055555555556,145
LG2N,Ψαρά,3,Βόρειο & Ανατολικό Αιγαίο,25.56416666666667,38.54333333333333,18
LG8M,Ψαχνά Ευβοίας,15,Εύβοια,23.649166666666666,38.56944444444445,46
LG96,Ψυχικό,10,Αττική,23.780555555555555,38.0175,209
LGD5,Ωλένη Ηλείας,9,Πελοπόννησος,21.5,37.7,61
LG91,Ωλενία Αχαΐας,9,Πελοπόννησος,21.8,38.1,34
LG0T,Ωραιοί Ευβοίας,15,Εύβοια,23.1,38.9,30
LG8O,Ωρωπός,10,Αττική,23.8,38.3,7
